{
    "name": "root",
    "gauges": {
        "MoveToTarget.Policy.Entropy.mean": {
            "value": 1.4139329195022583,
            "min": 1.4139329195022583,
            "max": 1.4139329195022583,
            "count": 1
        },
        "MoveToTarget.Policy.Entropy.sum": {
            "value": 71198.59375,
            "min": 71198.59375,
            "max": 71198.59375,
            "count": 1
        },
        "MoveToTarget.Environment.EpisodeLength.mean": {
            "value": 294.16875,
            "min": 294.16875,
            "max": 294.16875,
            "count": 1
        },
        "MoveToTarget.Environment.EpisodeLength.sum": {
            "value": 47067.0,
            "min": 47067.0,
            "max": 47067.0,
            "count": 1
        },
        "MoveToTarget.Step.mean": {
            "value": 49979.0,
            "min": 49979.0,
            "max": 49979.0,
            "count": 1
        },
        "MoveToTarget.Step.sum": {
            "value": 49979.0,
            "min": 49979.0,
            "max": 49979.0,
            "count": 1
        },
        "MoveToTarget.Policy.ExtrinsicValueEstimate.mean": {
            "value": -0.37477466464042664,
            "min": -0.37477466464042664,
            "max": -0.37477466464042664,
            "count": 1
        },
        "MoveToTarget.Policy.ExtrinsicValueEstimate.sum": {
            "value": -323.4305419921875,
            "min": -323.4305419921875,
            "max": -323.4305419921875,
            "count": 1
        },
        "MoveToTarget.Environment.CumulativeReward.mean": {
            "value": -1.4875,
            "min": -1.4875,
            "max": -1.4875,
            "count": 1
        },
        "MoveToTarget.Environment.CumulativeReward.sum": {
            "value": -238.0,
            "min": -238.0,
            "max": -238.0,
            "count": 1
        },
        "MoveToTarget.Policy.ExtrinsicReward.mean": {
            "value": -1.4875,
            "min": -1.4875,
            "max": -1.4875,
            "count": 1
        },
        "MoveToTarget.Policy.ExtrinsicReward.sum": {
            "value": -238.0,
            "min": -238.0,
            "max": -238.0,
            "count": 1
        },
        "MoveToTarget.Losses.PolicyLoss.mean": {
            "value": 0.02527144491711321,
            "min": 0.02527144491711321,
            "max": 0.02527144491711321,
            "count": 1
        },
        "MoveToTarget.Losses.PolicyLoss.sum": {
            "value": 0.10108577966845284,
            "min": 0.10108577966845284,
            "max": 0.10108577966845284,
            "count": 1
        },
        "MoveToTarget.Losses.ValueLoss.mean": {
            "value": 0.060689607968864336,
            "min": 0.060689607968864336,
            "max": 0.060689607968864336,
            "count": 1
        },
        "MoveToTarget.Losses.ValueLoss.sum": {
            "value": 0.24275843187545734,
            "min": 0.24275843187545734,
            "max": 0.24275843187545734,
            "count": 1
        },
        "MoveToTarget.Policy.LearningRate.mean": {
            "value": 0.00028457580514139997,
            "min": 0.00028457580514139997,
            "max": 0.00028457580514139997,
            "count": 1
        },
        "MoveToTarget.Policy.LearningRate.sum": {
            "value": 0.0011383032205655999,
            "min": 0.0011383032205655999,
            "max": 0.0011383032205655999,
            "count": 1
        },
        "MoveToTarget.Policy.Epsilon.mean": {
            "value": 0.19485860000000002,
            "min": 0.19485860000000002,
            "max": 0.19485860000000002,
            "count": 1
        },
        "MoveToTarget.Policy.Epsilon.sum": {
            "value": 0.7794344000000001,
            "min": 0.7794344000000001,
            "max": 0.7794344000000001,
            "count": 1
        },
        "MoveToTarget.Policy.Beta.mean": {
            "value": 0.004743444139999999,
            "min": 0.004743444139999999,
            "max": 0.004743444139999999,
            "count": 1
        },
        "MoveToTarget.Policy.Beta.sum": {
            "value": 0.018973776559999996,
            "min": 0.018973776559999996,
            "max": 0.018973776559999996,
            "count": 1
        },
        "MoveToTarget.IsTraining.mean": {
            "value": 1.0,
            "min": 1.0,
            "max": 1.0,
            "count": 1
        },
        "MoveToTarget.IsTraining.sum": {
            "value": 1.0,
            "min": 1.0,
            "max": 1.0,
            "count": 1
        }
    },
    "metadata": {
        "timer_format_version": "0.1.0",
        "start_time_seconds": "1708727137",
        "python_version": "3.9.13 (main, Oct 13 2022, 16:12:30) \n[Clang 12.0.0 ]",
        "command_line_arguments": "/Users/suqingliu/opt/anaconda3/envs/MLAgents/bin/mlagents-learn --run-id=Test4RotationSpeed",
        "mlagents_version": "0.30.0",
        "mlagents_envs_version": "0.30.0",
        "communication_protocol_version": "1.5.0",
        "pytorch_version": "2.2.1",
        "numpy_version": "1.21.2",
        "end_time_seconds": "1708727261"
    },
    "total": 123.17345275000001,
    "count": 1,
    "self": 10.008450624000005,
    "children": {
        "run_training.setup": {
            "total": 0.03487633400000023,
            "count": 1,
            "self": 0.03487633400000023
        },
        "TrainerController.start_learning": {
            "total": 113.130125792,
            "count": 1,
            "self": 0.11210066599939239,
            "children": {
                "TrainerController._reset_env": {
                    "total": 9.991028584,
                    "count": 1,
                    "self": 9.991028584
                },
                "TrainerController.advance": {
                    "total": 102.8030209580006,
                    "count": 9903,
                    "self": 0.10794830899936869,
                    "children": {
                        "env_step": {
                            "total": 87.57766658700048,
                            "count": 9903,
                            "self": 82.63125347000084,
                            "children": {
                                "SubprocessEnvManager._take_step": {
                                    "total": 4.86418007499959,
                                    "count": 9904,
                                    "self": 0.3355202449996,
                                    "children": {
                                        "TorchPolicy.evaluate": {
                                            "total": 4.52865982999999,
                                            "count": 9761,
                                            "self": 4.52865982999999
                                        }
                                    }
                                },
                                "workers": {
                                    "total": 0.08223304200005188,
                                    "count": 9902,
                                    "self": 0.0,
                                    "children": {
                                        "worker_root": {
                                            "total": 51.29650345999996,
                                            "count": 9902,
                                            "is_parallel": true,
                                            "self": 27.185128355999755,
                                            "children": {
                                                "steps_from_proto": {
                                                    "total": 0.024005874000000205,
                                                    "count": 2,
                                                    "is_parallel": true,
                                                    "self": 0.0010879990000027817,